{"cameraMode":{"drawMode":0,"name":"Shaded","section":"Shading Mode"},"sceneLighting":true,"audioPlay":false,"sceneViewState":{"m_AlwaysRefresh":false,"showFog":true,"showSkybox":true,"showFlares":true,"showImageEffects":true,"showParticleSystems":true,"showVisualEffectGraphs":true,"m_FxEnabled":true},"in2DMode":false,"pivot":{"x":10.14730453491211,"y":-22.626087188720704,"z":24.988998413085939},"rotation":{"x":0.06889522820711136,"y":0.9241446256637573,"z":-0.3180922865867615,"w":0.20015990734100343},"size":37.38932800292969,"orthographic":false}